n,parents_age,child_age,coef,se,df
5824,25,29,0.0953087337283299,0.0130461175797281,5822
5825,26,29,0.13980758994088,0.0129760539485367,5823
5825,27,29,0.142012476871732,0.0129719059921404,5823
5831,30,29,0.168851792922057,0.0129097706326255,5829
5831,31,29,0.186884178080542,0.0128670775919334,5829
5832,32,29,0.177152450676889,0.0128896197072671,5830
5835,49,29,0.20535683620027,0.0128143779976007,5833
5837,28,29,0.159537232861597,0.0129236445353971,5835
5837,33,29,0.197938556603977,0.0128322385248545,5835
5838,29,29,0.172725897240536,0.0128931265437424,5836
5838,34,29,0.193650208429234,0.0128422893090513,5836
5840,59,29,0.202332575661114,0.0128172598754934,5838
5840,60,29,0.197677697326828,0.0128296409065895,5838
5841,35,29,0.195594814447787,0.0128340445168938,5839
5841,36,29,0.204415800037579,0.0128104801650212,5839
5841,51,29,0.204059319789785,0.0128114534739391,5839
5841,53,29,0.203963123827597,0.012811825706152,5839
5841,58,29,0.204010213865161,0.0128115874104311,5839
5842,37,29,0.208288195876409,0.0127986804700947,5840
5842,38,29,0.2077232624359,0.0128002525255608,5840
5842,39,29,0.206898459612756,0.0128025397143345,5840
5842,40,29,0.206515948315945,0.0128035971962855,5840
5842,41,29,0.206619485208314,0.0128033111623404,5840
5842,42,29,0.207548042747927,0.0128007694592093,5840
5842,43,29,0.203951766787058,0.0128106333223248,5840
5842,44,29,0.204249970543831,0.0128097264220469,5840
5842,45,29,0.20646212556634,0.0128037458293762,5840
5842,46,29,0.20744017942462,0.0128010385900826,5840
5842,47,29,0.20393348348662,0.0128106831623563,5840
5842,48,29,0.204134188930758,0.0128101357866872,5840
5842,50,29,0.203174007512234,0.0128127493653133,5840
5842,52,29,0.205815841710399,0.0128055274011884,5840
5842,54,29,0.202468426892683,0.012814694701553,5840
5842,55,29,0.209523653953219,0.0127952269711795,5840
5842,56,29,0.210670776982965,0.0127920012694969,5840
5842,57,29,0.21221355885141,0.012787633910107,5840
6495,25,44,0.103084490692914,0.012343905415876,6493
6522,26,44,0.137362928141527,0.0122668309773121,6520
6522,27,44,0.149163223745857,0.0122456755483458,6520
6600,30,44,0.178111821272941,0.0121140712624209,6598
6602,28,44,0.167802139475666,0.0121344708869843,6600
6606,31,44,0.203998001842727,0.0120465806047692,6604
6626,32,44,0.201325672515579,0.0120351330869298,6624
6630,33,44,0.226432740601938,0.011963831643547,6628
6633,29,44,0.18991178534793,0.0120566735152286,6631
6642,34,44,0.229607941052599,0.0119441505550633,6640
6656,59,44,0.254099976900067,0.0118567544681663,6654
6661,60,44,0.237777247080389,0.0119028889713643,6659
6671,35,44,0.235273748684353,0.0119014767289708,6669
6671,36,44,0.244367622263826,0.0118739676412678,6669
6671,53,44,0.257991431880234,0.0118306745418664,6669
6673,38,44,0.25331538025101,0.0118440953704288,6671
6675,49,44,0.256022108135877,0.0118334439617117,6673
6677,58,44,0.250601245164351,0.0118492089567385,6675
6681,56,44,0.254697427457619,0.0118325156339119,6679
6681,57,44,0.251160847275096,0.011843828854983,6679
6682,37,44,0.251511755289092,0.0118418319862801,6680
6682,39,44,0.259038054520824,0.0118175985357133,6680
6682,40,44,0.258345203397252,0.0118197891592391,6680
6682,41,44,0.255514621690821,0.011828996517721,6680
6682,42,44,0.257270983271226,0.0118232961870919,6680
6682,43,44,0.255497918385066,0.0118290505282754,6680
6682,45,44,0.25912594823722,0.01181723041965,6680
6682,46,44,0.261130524533252,0.0118106228864432,6680
6682,51,44,0.249798587499507,0.0118473159789188,6680
6682,52,44,0.258207625631572,0.0118202391862084,6680
6682,54,44,0.254680354430264,0.0118316895253469,6680
6682,55,44,0.257498184150583,0.0118225557449879,6680
6686,48,44,0.254277755184535,0.011829444569809,6684
6687,44,44,0.251281886693853,0.0118381215934922,6685
6687,47,44,0.255759731104701,0.0118237679626561,6685
6687,50,44,0.251316524929175,0.0118380116005842,6685
12049,25,30,0.108115869722918,0.00905789992676397,12046
12051,27,30,0.158469426035618,0.00899543922795613,12048
12052,26,30,0.153930914657775,0.00900153377639985,12049
12073,30,30,0.18312179004256,0.0089483619060935,12070
12074,31,30,0.200485330897713,0.00891711066485769,12071
12076,32,30,0.19677115718146,0.00892315812726434,12073
12080,49,30,0.23950275711641,0.0088346802734191,12077
12082,28,30,0.17473632817537,0.0089588115889349,12079
12084,33,30,0.221827717176492,0.00887136080707589,12081
12085,29,30,0.189382101068103,0.00893298859977095,12082
12085,34,30,0.220163886909318,0.00887439400341444,12082
12087,59,30,0.229734733491011,0.00885362560189517,12084
12089,58,30,0.231645876146314,0.00884875014508389,12086
12090,51,30,0.236710789105805,0.00883723777348787,12087
12090,60,30,0.225478809790297,0.00886151400953764,12087
12091,35,30,0.226660834730492,0.00885871451036568,12088
12091,36,30,0.233630828710373,0.00884366247556551,12088
12091,37,30,0.239955079430827,0.00882969214615545,12088
12091,38,30,0.239151494945381,0.00883150575459696,12088
12091,39,30,0.239172171640963,0.00883144549397493,12088
12091,41,30,0.240169844294219,0.00882921931057547,12088
12091,43,30,0.237950225363144,0.00883422591118925,12088
12091,45,30,0.240308304074104,0.00882890763828545,12088
12091,56,30,0.238518086602757,0.00883292923603006,12088
12091,57,30,0.238818198930428,0.00883225184754315,12088
12092,40,30,0.239063744540319,0.00883125705203318,12089
12092,42,30,0.240241505879094,0.00882863517842244,12089
12092,44,30,0.23680964621938,0.0088363015877592,12089
12092,46,30,0.241489544651257,0.0088258405028524,12089
12092,47,30,0.238213295577874,0.00883318011874514,12089
12092,48,30,0.237686719947522,0.00883428559988499,12089
12092,50,30,0.237531866143142,0.00883469793954066,12089
12092,52,30,0.240436526100368,0.00882819601033237,12089
12092,53,30,0.235564097223474,0.00883905510627556,12089
12092,54,30,0.234728550062077,0.00884090477486861,12089
12092,55,30,0.239128550784268,0.00883113421802749,12089
12692,25,43,0.109250482314596,0.00882424885655152,12689
12743,27,43,0.15439595283183,0.00875332523635448,12740
12746,26,43,0.139513874356833,0.00877187006660148,12743
12887,30,43,0.179251177290743,0.0086672671147448,12884
12892,28,43,0.172474502339032,0.00867620287907034,12889
12915,31,43,0.205810035375074,0.008611999556834,12912
12939,32,43,0.203064436701672,0.00860903110877519,12936
12945,33,43,0.234159341720279,0.00854575384399137,12942
12953,29,43,0.189214811388841,0.00862862465331422,12950
12968,34,43,0.235783592076295,0.00853464844402232,12965
12987,59,43,0.257198976884655,0.00848068614109747,12984
12995,60,43,0.244838168400387,0.00850610651041071,12992
13011,35,43,0.245218128464635,0.00850004181459689,13008
13011,36,43,0.250413921937164,0.00848838855342682,13008
13012,38,43,0.261012688265855,0.00846343352655658,13009
13013,53,43,0.264849655385981,0.00845401106184826,13010
13017,49,43,0.265868153606465,0.00845023104029741,13014
13022,58,43,0.257353331673484,0.00846883525338661,13019
13026,56,43,0.262002880650772,0.00845657840880571,13023
13026,57,43,0.259872003220487,0.00846159309949305,13023
13027,37,43,0.257109117859275,0.00846775241382621,13024
13027,39,43,0.264484548242054,0.00845032248816968,13024
13027,41,43,0.265539669062706,0.00844777388871717,13024
13027,43,43,0.264275437986256,0.00845079048072882,13024
13027,45,43,0.267994240852945,0.00844182790511223,13024
13029,40,43,0.26579662995266,0.00844649569721751,13026
13029,42,43,0.265237568858833,0.00844784976748267,13026
13029,46,43,0.268671259592724,0.008439515732833,13026
13029,51,43,0.260837115562502,0.00845830999191616,13026
13029,52,43,0.266185041640676,0.00844556164989927,13026
13029,54,43,0.263369612360389,0.00845233512728908,13026
13029,55,43,0.264324424747677,0.00845003747948767,13026
13033,48,43,0.26482899237217,0.00844752013757539,13030
13034,44,43,0.259087457133035,0.00846079276498789,13031
13034,47,43,0.263398968522032,0.00845064656551742,13031
13034,50,43,0.26206412291684,0.0084538106489329,13031
18167,25,31,0.111353519470328,0.00737392312246209,18163
18173,27,31,0.164677567879483,0.00731745631120035,18169
18175,26,31,0.158194003410864,0.00732493700363094,18171
18211,30,31,0.191584856238758,0.00727368227944095,18207
18218,31,31,0.213374822848539,0.00723889030490445,18214
18220,32,31,0.208454262707362,0.00724634748201947,18216
18223,28,31,0.183678836047289,0.00728245031586815,18219
18228,49,31,0.258909466742669,0.00715489006400641,18224
18231,33,31,0.237630016757821,0.0071946496452639,18227
18232,29,31,0.198668992606675,0.00725902308427673,18228
18234,34,31,0.233826497660449,0.00720095914572033,18230
18240,51,31,0.257354018240611,0.00715566469185306,18236
18240,58,31,0.249383180991689,0.00717111157092371,18236
18242,59,31,0.249390302391022,0.00717067812340963,18238
18242,60,31,0.24275603452251,0.00718323569884296,18238
18243,36,31,0.24818733108507,0.00717277666137117,18239
18244,35,31,0.242419607729949,0.00718340199195601,18240
18245,38,31,0.2566787136346,0.00715600262883174,18241
18246,37,31,0.255220201900064,0.00715867427363743,18242
18246,39,31,0.256685518751087,0.00715582184245206,18242
18246,41,31,0.257425970722384,0.00715432779555791,18242
18246,43,31,0.255333430195351,0.00715842825324509,18242
18246,44,31,0.254283907931186,0.00716050056251504,18242
18246,45,31,0.257674824634492,0.00715385230387645,18242
18246,47,31,0.255845252942301,0.00715745108323218,18242
18246,48,31,0.256588960417264,0.00715599151731741,18242
18246,50,31,0.257273874782987,0.00715466550185198,18242
18246,53,31,0.256479576297381,0.00715619789950037,18242
18246,56,31,0.259294799743455,0.00715065346309254,18242
18246,57,31,0.258172997484529,0.0071528676374522,18242
18248,40,31,0.255924383209652,0.00715692835626148,18244
18248,42,31,0.257105342268238,0.00715463713565384,18244
18248,46,31,0.259593455661113,0.00714968967502299,18244
18248,52,31,0.258839144505133,0.00715118852744623,18244
18248,54,31,0.254994802633634,0.00715876999497172,18244
18248,55,31,0.258374328059109,0.00715212040318446,18244
18958,25,42,0.110874996322198,0.00721877465143909,18954
19024,27,42,0.158349194970983,0.00715944888707066,19020
19027,26,42,0.143398800338991,0.00717544037357736,19023
19239,30,42,0.183087315051241,0.00708837893920597,19235
19246,28,42,0.178226569275159,0.00709354598755812,19242
19275,31,42,0.213501078547145,0.00703741140039726,19271
19306,32,42,0.207892749072405,0.00704051641879874,19302
19315,33,42,0.244468109573044,0.00697777918826613,19311
19324,29,42,0.195256421262172,0.00705594350420663,19320
19344,34,42,0.244222614784711,0.00697297391831775,19340
19366,59,42,0.270509752554808,0.00691867190774364,19362
19380,60,42,0.259748629290345,0.00693742377207324,19376
19400,38,42,0.272025470169518,0.00690948302415484,19396
19401,35,42,0.255236995685118,0.0069422437358548,19397
19401,36,42,0.259638855766377,0.00693381265596768,19397
19403,53,42,0.278167208265689,0.006896350892136,19399
19407,49,42,0.2796569908183,0.00689252953501417,19403
19414,58,42,0.270808459590592,0.00690937907166475,19410
19419,56,42,0.274699039768742,0.0069005653749567,19415
19419,57,42,0.273463447007504,0.00690309265332644,19415
19420,37,42,0.267671126322043,0.00691460562813954,19416
19420,39,42,0.275585520671926,0.0068985909198704,19416
19420,41,42,0.278297452498749,0.00689296480572859,19416
19420,43,42,0.276620619810098,0.00689644027383611,19416
19420,45,42,0.278992682385509,0.00689151716905897,19416
19422,40,42,0.278776373592102,0.00689166434140281,19418
19422,42,42,0.277307450511537,0.00689471563906122,19418
19422,46,42,0.280641816923722,0.00688776417675172,19418
19422,51,42,0.274955325470123,0.00689956566343821,19418
19422,52,42,0.278674856391866,0.00689189286572361,19418
19422,54,42,0.276310612789585,0.00689676667323138,19418
19422,55,42,0.277027753901391,0.00689529973500825,19418
19427,48,42,0.277373191460803,0.00689369660024888,19423
19428,44,42,0.272039297294318,0.00690446814539603,19424
19428,47,42,0.275479148869763,0.00689744291510425,19424
19428,50,42,0.275091184676178,0.00689822021721217,19424
24020,25,32,0.105680372486842,0.00641686642700285,24015
24028,27,32,0.158795164430087,0.00637006667139412,24023
24030,26,32,0.152758788931583,0.00637595157337687,24025
24089,30,32,0.186842528528232,0.00633018797838432,24084
24096,31,32,0.211369587339004,0.0062971495709416,24091
24100,32,32,0.205403409173924,0.00630483749579599,24095
24102,28,32,0.179694908622987,0.00633708420280859,24097
24109,49,32,0.259358015485351,0.0062205961261117,24104
24112,33,32,0.236054356214536,0.00625858177186987,24107
24113,29,32,0.195672269373498,0.00631595514494401,24108
24115,34,32,0.232948836282028,0.00626300453532061,24110
24121,60,32,0.241877750096544,0.00624820878373602,24116
24122,51,32,0.257972344189633,0.00622133188876776,24117
24122,58,32,0.250350308996992,0.00623420775778332,24117
24124,36,32,0.24800024073317,0.00623782050011721,24119
24124,59,32,0.248777979204713,0.00623660976282104,24119
24125,35,32,0.243160926707677,0.00624559618149745,24120
24127,53,32,0.256865365721859,0.00622258943288744,24122
24128,38,32,0.256998993079221,0.00622220854424669,24123
24128,48,32,0.257218953886295,0.00622189106262013,24123
24128,56,32,0.257931163980065,0.00622065212731829,24123
24128,57,32,0.256850340712864,0.00622250240936683,24123
24129,37,32,0.256239334676212,0.00622341760445999,24124
24129,39,32,0.256196070758505,0.00622348215939932,24124
24129,41,32,0.257633904455437,0.00622103083215219,24124
24129,43,32,0.255505515189328,0.00622465884808112,24124
24129,44,32,0.254339509212846,0.00622664990444358,24124
24129,45,32,0.25764761020901,0.00622099768918027,24124
24129,47,32,0.255406854206695,0.00622485352045134,24124
24129,50,32,0.257818451140629,0.00622071191617753,24124
24131,40,32,0.25601200798547,0.00622355571063046,24126
24131,42,32,0.257739845640017,0.00622060962338849,24126
24131,46,32,0.259745258780633,0.00621715354987588,24126
24131,52,32,0.258876960045547,0.00621865448165998,24126
24131,54,32,0.254539478720555,0.00622607825056539,24126
24131,55,32,0.25775952898501,0.00622059238795493,24126
24400,25,41,0.104654035714629,0.00636726681249314,24395
24475,27,41,0.15563760990661,0.00631472695307329,24470
24478,26,41,0.141495403897776,0.00632788176057482,24473
24725,30,41,0.183287185632948,0.00625253891041604,24720
24735,28,41,0.176623031556729,0.00625901874727189,24730
24766,31,41,0.213172165783924,0.00620891579460769,24761
24801,32,41,0.209205453157023,0.00620992823359247,24796
24814,33,41,0.246368557459543,0.00615317167584156,24809
24823,29,41,0.193196936713998,0.00622805045342173,24818
24843,34,41,0.24492121547147,0.00615188989055353,24838
24872,59,41,0.272006215520326,0.00610236370262566,24867
24881,60,41,0.262304069070653,0.00611830794028176,24876
24902,35,41,0.258141894915495,0.00612281440973269,24897
24902,36,41,0.26080180902915,0.00611827572672526,24897
24904,53,41,0.279399725548912,0.00608496794614048,24899
24908,38,41,0.273144112514728,0.00609587702599703,24903
24912,49,41,0.281991893152465,0.00607919950737173,24907
24922,58,41,0.273169023533309,0.00609410075518219,24917
24927,56,41,0.277344270644755,0.00608592512560083,24922
24927,57,41,0.276277988926818,0.00608786702221,24922
24928,37,41,0.269625135781882,0.00609970821713838,24923
24928,39,41,0.277157458607348,0.00608615464871705,24923
24928,41,41,0.280237760031185,0.00608049244843693,24923
24928,43,41,0.278034731690428,0.00608454293046546,24923
24928,45,41,0.280443424780926,0.00608011197848385,24923
24930,40,41,0.2796517428817,0.00608134614410443,24925
24930,42,41,0.278424311299268,0.00608359514085241,24925
24930,46,41,0.282060461794693,0.00607688682619037,24925
24930,51,41,0.276393007018122,0.00608730734637207,24925
24930,52,41,0.28073347999704,0.00607935797037913,24925
24930,54,41,0.278099365363534,0.00608421840222534,24925
24930,55,41,0.279390253612285,0.00608182833188718,24925
24935,48,41,0.279533606814983,0.00608092144670768,24930
24936,44,41,0.27303027022864,0.00609267789383338,24931
24936,47,41,0.277105217032763,0.00608529192695748,24931
24936,50,41,0.277688673816831,0.00608423231803512,24931
30046,25,33,0.107625287531187,0.00573611539102594,30040
30056,27,33,0.162114157032203,0.00569237699443284,30050
30059,26,33,0.153675559607151,0.00569989419909915,30053
30064,25,40,0.106522802916089,0.00573506511626352,30058
30141,30,33,0.189427404228445,0.00565626979290697,30135
30146,27,40,0.158436256736944,0.00568728383234116,30140
30148,31,33,0.215590714283817,0.00562442752189632,30142
30149,26,40,0.145492455339882,0.00569845935998064,30143
30155,28,33,0.183451145726133,0.00566143844643801,30149
30155,32,33,0.210627725293834,0.00563001705662649,30149
30166,49,33,0.269811587704759,0.00554459129427537,30160
30169,33,33,0.243965088643722,0.00558387862165998,30163
30170,29,33,0.200139945913281,0.00564127083520132,30164
30173,34,33,0.239210446542925,0.00559031622990469,30167
30178,60,33,0.252547720883763,0.00557040967027166,30172
30180,58,33,0.262985771594843,0.00555414117033774,30174
30181,51,33,0.26722653495195,0.00554733591974014,30175
30182,59,33,0.260852725671564,0.00555729485802304,30176
30184,36,33,0.254776100820101,0.0055664126917014,30178
30185,35,33,0.249419994834491,0.00557435570904978,30179
30187,38,33,0.263542183973057,0.00555262942986329,30181
30187,56,33,0.268852330276186,0.0055441632042183,30181
30187,57,33,0.268162374953107,0.00554526383050443,30181
30188,48,33,0.267788123072966,0.00554578257569253,30182
30188,53,33,0.266395707533534,0.00554803392550348,30182
30189,37,33,0.263898822516439,0.00555184958021093,30183
30189,39,33,0.26477984354326,0.00555044514093119,30183
30189,41,33,0.267283902685487,0.0055464673341327,30183
30189,43,33,0.265334533767188,0.00554956699227187,30183
30189,45,33,0.266267043154941,0.00554807565309233,30183
30190,44,33,0.26312747538445,0.00555297660740668,30184
30190,47,33,0.264138741762962,0.00555139051356437,30184
30190,50,33,0.266720176636636,0.00554729868558352,30184
30192,40,33,0.265114952910689,0.00554965407200206,30186
30192,42,33,0.266808914201124,0.00554695431084854,30186
30192,46,33,0.26903283572731,0.00554339111441998,30186
30192,52,33,0.268152213957002,0.00554482132135616,30186
30192,54,33,0.263675021065458,0.00555192810812078,30186
30192,55,33,0.266479370563281,0.00554747551456724,30186
30435,30,40,0.186634463148153,0.00563190223725968,30429
30448,28,40,0.18024365860966,0.00563750256983816,30442
30481,31,40,0.218247881709841,0.00559021851009497,30475
30517,32,40,0.212556130657995,0.00559411739195557,30511
30535,33,40,0.250046173078163,0.00554148248817681,30529
30544,29,40,0.197549008769112,0.0056096197702211,30538
30563,34,40,0.247926278763209,0.00554199898645405,30557
30593,59,40,0.277491835429277,0.00549329923416236,30587
30604,60,40,0.266974379855335,0.00550929812116206,30598
30624,35,40,0.260005092263731,0.00551836294877658,30618
30624,36,40,0.263659867758497,0.00551269406001459,30618
30626,53,40,0.284709043030075,0.00547824019284795,30620
30632,38,40,0.277298240726666,0.00549005670479772,30626
30632,49,40,0.286223594224051,0.00547509721705122,30626
30645,58,40,0.277982408812944,0.00548780558672513,30639
30650,56,40,0.28220085301635,0.00548032631932943,30644
30650,57,40,0.281119710686185,0.0054821497477492,30644
30651,37,40,0.273382283423518,0.00549481636708504,30645
30651,39,40,0.281495104763578,0.00548143867241485,30645
30651,41,40,0.284731764405054,0.00547597454625937,30645
30651,43,40,0.282245008824823,0.0054801764470032,30645
30651,45,40,0.284516180119161,0.00547634812023864,30645
30653,40,40,0.284020866045926,0.00547699993086181,30647
30653,42,40,0.283325657051494,0.00547817074827715,30647
30653,46,40,0.286847595805353,0.00547219822075473,30647
30653,52,40,0.285318485491439,0.00547479880374019,30647
30653,54,40,0.28167064511591,0.00548095437162431,30647
30653,55,40,0.283767989989975,0.00547742760886959,30647
30655,51,40,0.280783042187928,0.00548223291475663,30649
30660,48,40,0.283675913809228,0.0054769172203,30654
30661,44,40,0.277758898805041,0.0054867299562852,30655
30661,47,40,0.281148005761751,0.00548109474154315,30655
30661,50,40,0.28248410442523,0.00547885564794626,30655
35894,25,34,0.105272742543188,0.0052493900199814,35887
35913,27,34,0.161045770622447,0.00520840641450283,35906
35917,26,34,0.15101743620934,0.00521650594254079,35910
35969,25,39,0.106042455997149,0.00524343852857198,35962
36036,30,34,0.189276243848163,0.0051730573005053,36029
36050,31,34,0.217009849124459,0.0051417409219071,36043
36052,28,34,0.183578877921492,0.00517759045669993,36045
36053,27,39,0.158724331268297,0.00520030837534748,36046
36057,26,39,0.145112672507678,0.00521103927186695,36050
36059,32,34,0.211282182587883,0.00514771212741674,36052
36077,33,34,0.246140494634872,0.00510329134615798,36070
36078,29,34,0.200701573936025,0.00515807986880009,36071
36078,49,34,0.276574884737555,0.00505981895649358,36071
36080,34,34,0.242102381661019,0.00510842460661085,36073
36090,60,34,0.258231525646033,0.00508577478961887,36083
36092,59,34,0.26721620378368,0.00507277252429608,36085
36094,58,34,0.268808982742434,0.00507030289583285,36087
36095,36,34,0.258081792611792,0.00508561353590692,36088
36096,35,34,0.254303179463434,0.00509081979717555,36089
36096,51,34,0.273067659275518,0.00506384545527587,36089
36100,53,34,0.272867061863674,0.00506384881725084,36093
36101,56,34,0.274085913776572,0.00506197189075102,36094
36101,57,34,0.272889967773067,0.00506376065751297,36094
36102,38,34,0.269471399554705,0.00506876680533154,36095
36103,37,34,0.268486363342131,0.00507013073407287,36096
36103,39,34,0.271519443602389,0.00506565395277666,36096
36103,41,34,0.273980771413425,0.0050619811529308,36096
36103,43,34,0.271723678895877,0.00506535055426634,36096
36103,45,34,0.272604576564731,0.00506403912768418,36096
36103,48,34,0.274362480013735,0.00506141090928751,36096
36105,44,34,0.269880568929171,0.00506793488413232,36098
36105,47,34,0.271091945327742,0.00506613951187491,36098
36105,50,34,0.273269398060345,0.00506290518002919,36098
36107,40,34,0.272911973923843,0.00506330952423543,36100
36107,42,34,0.273478014141804,0.0050624639819748,36100
36107,46,34,0.276173961603425,0.00505840820636442,36100
36107,52,34,0.27457940687055,0.00506081224847006,36100
36107,54,34,0.270537055913284,0.00506683933408187,36100
36107,55,34,0.273106119183235,0.0050630200837931,36100
36369,30,39,0.18913432639892,0.00514945457844464,36362
36383,28,39,0.181599577813207,0.00515591945713583,36376
36416,31,39,0.218343545604948,0.00511428844998819,36409
36454,32,39,0.213758815714149,0.0051169193017217,36447
36474,33,39,0.251327951905586,0.00506850146353127,36467
36482,29,39,0.199126558565281,0.0051311520548211,36475
36503,34,39,0.249586054179618,0.00506882382162625,36496
36535,59,39,0.280081679367827,0.00502277198753817,36528
36544,60,39,0.270088498636672,0.00503712551476082,36537
36567,35,39,0.260975908640221,0.00504867138527565,36560
36567,36,39,0.266252766006997,0.00504113545902147,36560
36570,53,39,0.284579778645384,0.00501346747100499,36563
36574,49,39,0.28682895909181,0.00500969039043692,36567
36575,38,39,0.278154397234413,0.00502297571752884,36568
36588,58,39,0.280382064141322,0.00501869062653598,36581
36594,56,39,0.284441455483718,0.00501202012853917,36587
36594,57,39,0.283495814806745,0.00501348430520446,36587
36596,37,39,0.274943999570289,0.00502634611271098,36589
36596,39,39,0.282503563775084,0.00501487986238851,36589
36596,41,39,0.285142951841184,0.00501079341985892,36589
36596,43,39,0.28258636277382,0.00501474807244811,36589
36596,45,39,0.284861981689881,0.00501122212331629,36589
36598,51,39,0.281796115625724,0.00501583997164449,36591
36599,40,39,0.284102898873921,0.00501219104339017,36592
36599,42,39,0.283526126712335,0.00501307921013426,36592
36599,46,39,0.287503668605384,0.00500688879032171,36592
36599,52,39,0.28543847090598,0.00501012351951425,36592
36599,54,39,0.282225237225147,0.00501508916213634,36592
36599,55,39,0.284078443528824,0.00501223464754553,36592
36604,48,39,0.283769636061703,0.00501236737231438,36597
36606,44,39,0.278659828040435,0.00502005810451737,36599
36606,47,39,0.282350568557574,0.00501442587977047,36599
36606,50,39,0.282510143556801,0.00501417529745294,36599
41599,25,37,0.105355711699157,0.00487612601176745,41591
41660,27,37,0.161733151695197,0.00483533260776957,41652
41666,26,37,0.147813434979898,0.00484565472676214,41658
41767,25,38,0.103881161377647,0.0048670217854001,41759
41826,25,36,0.103830902149735,0.00486365767286619,41818
41829,25,35,0.10627570727545,0.00486220593535044,41821
41848,27,38,0.156928344438967,0.0048281402609983,41840
41853,26,38,0.144004280658122,0.00483748612123597,41845
41856,27,35,0.163110122296541,0.00482282184186124,41848
41860,26,35,0.153871632168429,0.00482986086161426,41852
41867,27,36,0.161975287920644,0.00482313113247503,41859
41871,26,36,0.15012697026206,0.00483204784759045,41863
41934,30,37,0.192524713664013,0.00479240299303209,41926
41947,28,37,0.184576308557776,0.00479916437926703,41939
41980,31,37,0.221822468639979,0.00475950283850062,41972
41999,32,37,0.216898979033447,0.00476384079455307,41991
42014,33,37,0.254096090025542,0.00471902563215633,42006
42015,30,35,0.194195571597216,0.0047861701458075,42007
42021,29,37,0.202160046897615,0.0047780366280263,42013
42032,31,35,0.222588292150287,0.00475568488398003,42024
42033,34,37,0.251169888549929,0.00472169366310471,42025
42034,28,35,0.187058582371952,0.00479184956633853,42026
42046,32,35,0.21803186908051,0.00475989244273716,42038
42058,60,37,0.271485680206974,0.00469346199871172,42050
42059,59,37,0.281547344564844,0.0046792719976674,42051
42066,33,35,0.253777506417617,0.00471644867945592,42058
42068,29,35,0.204885469977907,0.00477250499105635,42060
42070,34,35,0.249381482663432,0.00472177351312909,42062
42072,35,37,0.264514203556685,0.00470217314638284,42064
42072,36,37,0.268113513901428,0.00469731734623749,42064
42073,49,35,0.286894013126576,0.00467071656131152,42065
42074,49,37,0.288790363171555,0.00466788579451625,42066
42077,53,37,0.28579405558297,0.00467217723185487,42069
42082,38,37,0.280933854443934,0.0046788651874696,42074
42085,60,35,0.268396959816092,0.00469612400155726,42077
42087,58,37,0.283214361090147,0.00467528755801169,42079
42087,59,35,0.276830977079092,0.00468437264839669,42079
42090,36,35,0.266465712220772,0.00469844952680707,42082
42091,35,35,0.262320287945179,0.00470391177627152,42083
42092,30,36,0.192093424929239,0.00478383471457433,42084
42092,51,37,0.284654165358374,0.0046729471308158,42084
42092,58,35,0.279522728272953,0.00468027042799542,42084
42093,56,37,0.287218597436395,0.00466916019894012,42085
42093,57,37,0.286324368437709,0.00467046895622261,42085
42094,37,37,0.277806393163109,0.00468260503444725,42086
42094,39,37,0.283386568404653,0.00467465844829632,42086
42094,41,37,0.286425370049783,0.00467025035799252,42086
42094,43,37,0.283319896679393,0.00467474577350674,42086
42094,45,37,0.285498515369031,0.00467159733303592,42086
42094,51,35,0.283002337548513,0.00467520265407638,42086
42095,53,35,0.283142768844771,0.00467491985783006,42087
42098,48,37,0.286460367710498,0.00466999716027137,42090
42099,40,37,0.284777711967901,0.00467237939872995,42091
42099,42,37,0.285190222744079,0.00467177956727486,42091
42099,44,37,0.280098585075951,0.00467908618914617,42091
42099,46,37,0.288513989700309,0.00466692554064095,42091
42099,47,37,0.283286240818942,0.00467452859750716,42091
42099,50,37,0.285358789208157,0.00467153167846063,42091
42099,52,37,0.28665000900115,0.00466965665737524,42091
42099,54,37,0.28410573784185,0.00467334742176338,42091
42099,55,37,0.285842225890042,0.00467083828929845,42091
42100,56,35,0.284589840704642,0.00467257278431272,42092
42100,57,35,0.283171020568569,0.00467461964648679,42092
42101,38,35,0.278100383960976,0.00468179626112116,42093
42102,37,35,0.277427646913434,0.00468267962657473,42094
42102,39,35,0.281602907002252,0.0046767528413361,42094
42102,41,35,0.284710993266194,0.00467227948351745,42094
42102,43,35,0.281385490245543,0.00467706096258147,42094
42102,45,35,0.283827410554241,0.00467355438732554,42094
42102,48,35,0.284776441196005,0.00467220632995519,42094
42104,44,35,0.279997957745993,0.00467894877477959,42096
42104,47,35,0.282121032217811,0.00467591233148243,42096
42104,50,35,0.283543216450458,0.00467386866163539,42096
42106,40,35,0.282603620710785,0.00467509287940136,42098
42106,42,35,0.28308321677669,0.00467440808055691,42098
42106,46,35,0.286302726575394,0.00466974450274828,42098
42106,52,35,0.284928309939346,0.00467173542069182,42098
42106,54,35,0.280974706038955,0.00467742640804642,42098
42106,55,35,0.283898182274384,0.00467323039566807,42098
42108,28,36,0.18561378899698,0.00478899381051554,42100
42118,31,36,0.221724572455916,0.00475180255461148,42110
42136,32,36,0.216227848749138,0.00475681243773215,42128
42156,33,36,0.253543112982762,0.00471173916944997,42148
42158,29,36,0.20335486546141,0.00476901359762756,42150
42166,34,36,0.249987498445275,0.00471566425987246,42158
42182,60,36,0.269328346287973,0.00468948106636285,42174
42184,49,36,0.287409130504578,0.004663836867792,42176
42188,59,36,0.278598837082676,0.00467626578267473,42180
42189,30,38,0.188582208986719,0.00478156973149222,42181
42193,35,36,0.262369781097824,0.00469820765951188,42185
42193,36,36,0.26704087075355,0.00469194718977279,42185
42197,53,36,0.283886653695263,0.00466822274805693,42189
42200,58,36,0.280449809007464,0.00467296445574781,42192
42202,38,36,0.279126366832745,0.00467476321406289,42194
42203,28,38,0.180698446011916,0.00478801412135771,42195
42204,51,36,0.283494023067383,0.00466840115295772,42196
42208,56,36,0.28546889205734,0.00466532180105513,42200
42208,57,36,0.284863805081267,0.00466620104398612,42200
42210,37,36,0.277131227317791,0.00467711741679722,42202
42210,39,36,0.282098270269269,0.00467007866323232,42202
42210,41,36,0.2847605521442,0.00466624169146186,42202
42210,43,36,0.281801524513062,0.00467049667264946,42202
42210,45,36,0.284121084093602,0.00466716352434817,42202
42212,48,36,0.284514857833836,0.00466651886085312,42204
42214,40,36,0.283154588654168,0.00466831137975226,42206
42214,42,36,0.283331947028997,0.00466805569151577,42206
42214,44,36,0.279298913876931,0.00467385755780317,42206
42214,46,36,0.286627114578284,0.00466329172497362,42206
42214,47,36,0.282258375111685,0.00466964530109478,42206
42214,50,36,0.284476409854472,0.00466645012030047,42206
42214,52,36,0.285574671495964,0.00466482017541436,42206
42214,54,36,0.282411470356601,0.00466937779725992,42206
42214,55,36,0.284512876670574,0.00466635918808053,42206
42229,31,38,0.216924061245283,0.0047507685847064,42221
42272,32,38,0.212257952473592,0.00475332919462757,42264
42290,33,38,0.249228928701123,0.00470966425396315,42282
42299,29,38,0.198674441590937,0.00476566961097627,42291
42319,34,38,0.246365395189986,0.00471163921592426,42311
42352,59,38,0.27738191061196,0.00466888207620773,42344
42358,60,38,0.265568770923073,0.00468475018290459,42350
42381,35,38,0.258646626091978,0.00469260845161754,42373
42381,36,38,0.26324687288315,0.00468657144151594,42373
42385,53,38,0.281967459500621,0.00466058156680809,42377
42389,49,38,0.284641646757539,0.00465650948757915,42381
42392,38,38,0.276658831200575,0.0046677112859146,42384
42403,58,38,0.277947487723222,0.00466529757371268,42395
42409,56,38,0.28196005365954,0.00465927370565111,42401
42409,57,38,0.280640063779704,0.00466115470341338,42401
42412,37,38,0.273513386729413,0.00467096812915012,42404
42412,39,38,0.279408872945985,0.00466274616347087,42404
42412,41,38,0.282310666732829,0.00465861632972697,42404
42412,43,38,0.279456552824326,0.00466267505801913,42404
42412,45,38,0.282283219220373,0.00465865340555235,42404
42413,51,38,0.279249898630027,0.00466291333755607,42405
42416,40,38,0.281117522965244,0.00466011336417159,42408
42416,42,38,0.281100470582763,0.0046601360438027,42408
42416,46,38,0.284514980721279,0.00465525127045359,42408
42416,52,38,0.282685486405323,0.00465787120780182,42408
42416,54,38,0.280271792192901,0.004661314426629,42408
42416,55,38,0.281651606284987,0.00465935286189024,42408
42419,48,38,0.281259129278909,0.00465973517919064,42411
42422,44,38,0.275898485347461,0.00466713416162168,42414
42422,47,38,0.279160351897491,0.00466255819277965,42414
42422,50,38,0.279992318283136,0.00466138730609254,42414
